"Data Source","World Development Indicators",

"Country Name","Country Code","Indicator Name","Indicator Code","1960","1961","1962","1963","1964","1965","1966","1967","1968","1969","1970","1971","1972","1973","1974","1975","1976","1977","1978","1979","1980","1981","1982","1983","1984","1985","1986","1987","1988","1989","1990","1991","1992","1993","1994","1995","1996","1997","1998","1999","2000","2001","2002","2003","2004","2005","2006","2007","2008","2009","2010","2011","2012","2013",
"Aruba","ABW","Literacy rate, adult total (% of people ages 15 and above)","SE.ADT.LITR.ZS","","","","","","","","","","","","","","","","","","","","","","","","","","","","","","","","","","","","","","","","","97.2912521362305","","","","","","","","","","96.822639465332","","","",
"Andorra","AND","Literacy rate, adult total (% of people ages 15 and above)","SE.ADT.LITR.ZS","","","","","","","","","","","","","","","","","","","","","","","","","","","","","","","","","","","","","","","","","","","","","","","","","","","","","","",
"Afghanistan","AFG","Literacy rate, adult total (% of people ages 15 and above)","SE.ADT.LITR.ZS","","","","","","","","","","","","","","","","","","","","18.1576805114746","","","","","","","","","","","","","","","","","","","","","","","","","","","","","","","","31.741117477417","","",
"Angola","AGO","Literacy rate, adult total (% of people ages 15 and above)","SE.ADT.LITR.ZS","","","","","","","","","","","","","","","","","","","","","","","","","","","","","","","","","","","","","","","","","","67.4054183959961","","","","","","","","","","","70.5803680419922","",
"Albania","ALB","Literacy rate, adult total (% of people ages 15 and above)","SE.ADT.LITR.ZS","","","","","","","","","","","","","","","","","","","","","","","","","","","","","","","","","","","","","","","","","","98.7129745483398","","","","","","","95.9386367797852","","","96.8452987670898","","",
"Andean Region","ANR","Literacy rate, adult total (% of people ages 15 and above)","SE.ADT.LITR.ZS","","","","","","","","","","","","","","","","","","","","","","","","","","","","","","","","","","","","","","","","","","","","","","","","","","","","","","",
"Arab World","ARB","Literacy rate, adult total (% of people ages 15 and above)","SE.ADT.LITR.ZS","","","","","","","","","","","","","","","","","","","","","","","","","","","","","","","54.5375633239746","","","","","","","","","","65.9807586669922","","","","","","","","","","76.3604049682617","","","",
"United Arab Emirates","ARE","Literacy rate, adult total (% of people ages 15 and above)","SE.ADT.LITR.ZS","","","","","","","","","","","","","","","","53.5148811340332","","","","","","","","","","71.2352981567383","","","","","","","","","","","","","","","","","","","","90.0338439941406","","","","","","","","",
"Argentina","ARG","Literacy rate, adult total (% of people ages 15 and above)","SE.ADT.LITR.ZS","","","","","","","","","","","","","","","","","","","","","93.9128570556641","","","","","","","","","","","96.1281967163086","","","","","","","","","","97.1933135986328","","","","","","","","","","","97.9160919189453","",
"Armenia","ARM","Literacy rate, adult total (% of people ages 15 and above)","SE.ADT.LITR.ZS","","","","","","","","","","","","","","","","","","","","","","","","","","","","","","98.7519683837891","","","","","","","","","","","","99.4001541137695","","","","","","","","","","","99.6099472045898","",
"American Samoa","ASM","Literacy rate, adult total (% of people ages 15 and above)","SE.ADT.LITR.ZS","","","","","","","","","","","","","","","","","","","","","97.3441619873047","","","","","","","","","","","","","","","","","","","","","","","","","","","","","","","","","",
"Antigua and Barbuda","ATG","Literacy rate, adult total (% of people ages 15 and above)","SE.ADT.LITR.ZS","","","","","","","","","","","","","","","","","","","","","","","","","","","","","","","","","","","","","","","","","","98.9499969482422","","","","","","","","","","","98.9499969482422","",
"Australia","AUS","Literacy rate, adult total (% of people ages 15 and above)","SE.ADT.LITR.ZS","","","","","","","","","","","","","","","","","","","","","","","","","","","","","","","","","","","","","","","","","","","","","","","","","","","","","","",
"Austria","AUT","Literacy rate, adult total (% of people ages 15 and above)","SE.ADT.LITR.ZS","","","","","","","","","","","","","","","","","","","","","","","","","","","","","","","","","","","","","","","","","","","","","","","","","","","","","","",
"Azerbaijan","AZE","Literacy rate, adult total (% of people ages 15 and above)","SE.ADT.LITR.ZS","","","","","","","","","","","","","","","","","","","","","","","","","","","","","","","","","","","","","","","","98.7918014526367","","","","","","","","99.6019058227539","","99.7598419189453","99.7711410522461","99.7786331176758","99.7757720947266","",
"Burundi","BDI","Literacy rate, adult total (% of people ages 15 and above)","SE.ADT.LITR.ZS","","","","","","","","","","","","","","","","","","","","22.5085506439209","","","","","","","","","","","37.3847236633301","","","","","","","","","","59.3036193847656","","","","","","","","86.947868347168","","","","","",
"Belgium","BEL","Literacy rate, adult total (% of people ages 15 and above)","SE.ADT.LITR.ZS","","","","","","","","","","","","","","","","","","","","","","","","","","","","","","","","","","","","","","","","","","","","","","","","","","","","","","",
"Benin","BEN","Literacy rate, adult total (% of people ages 15 and above)","SE.ADT.LITR.ZS","","","","","","","","","","","","","","","","","","","","16.4827938079834","","","","","","","","","","","","","27.2452507019043","","","","","","","","","","34.6578483581543","","","","28.702112197876","","","","","","","",
"Burkina Faso","BFA","Literacy rate, adult total (% of people ages 15 and above)","SE.ADT.LITR.ZS","","","","","","","","","","","","","","","","8.68514537811279","","","","","","","","","","","","","","","","13.5692319869995","","","","","12.8481693267822","","","","","","","21.8229160308838","","23.5537185668945","","28.7292137145996","","","","","","",
"Bangladesh","BGD","Literacy rate, adult total (% of people ages 15 and above)","SE.ADT.LITR.ZS","","","","","","","","","","","","","","","","","","","","","","29.2272319793701","","","","","","","","","","35.3192939758301","","","","","","","","","","47.4855003356934","","","","","","","","","","","58.7877197265625","",
"Bulgaria","BGR","Literacy rate, adult total (% of people ages 15 and above)","SE.ADT.LITR.ZS","","","","","","","","","","","","","","","","","","","","","","","","","","","","","","","","","","","","","","","","","","98.2035522460938","","","","","","","","","","98.3524475097656","","",
"Bahrain","BHR","Literacy rate, adult total (% of people ages 15 and above)","SE.ADT.LITR.ZS","","","","","","","","","","","","","","","","","","","","","","69.7535171508789","","","","","","","","","","84.0138320922852","","","","","","","","","","86.5487442016602","","","","","","","","","94.5567932128906","","","",
"Bahamas, The","BHS","Literacy rate, adult total (% of people ages 15 and above)","SE.ADT.LITR.ZS","","","","","","","","","","","","","","","","","","","","","","","","","","","","","","","","","","","","","","","","","","","","","","","","","","","","","","",
"Bosnia and Herzegovina","BIH","Literacy rate, adult total (% of people ages 15 and above)","SE.ADT.LITR.ZS","","","","","","","","","","","","","","","","","","","","","","","","","","","","","","","","","","","","","","","","","96.6631011962891","","","","","","","","","","","","98.1533813476563","",
"Belarus","BLR","Literacy rate, adult total (% of people ages 15 and above)","SE.ADT.LITR.ZS","","","","","","","","","","","","","","","","","","","","","","","","","","","","","","97.8833694458008","","","","","","","","","","99.5907287597656","","","","","","","","","","99.617057800293","","","","",
"Belize","BLZ","Literacy rate, adult total (% of people ages 15 and above)","SE.ADT.LITR.ZS","","","","","","","","","","","","","","","","","","","","","","","","","","","","","","","","70.2984237670898","","","","","","","","","","","","","","","","","","","","","","",
"Bermuda","BMU","Literacy rate, adult total (% of people ages 15 and above)","SE.ADT.LITR.ZS","","","","","","","","","","","","","","","","","","","","","","","","","","","","","","","","","","","","","","","","","","","","","","","","","","","","","","",
"Bolivia","BOL","Literacy rate, adult total (% of people ages 15 and above)","SE.ADT.LITR.ZS","","","","","","","","","","","","","","","","","63.2081489562988","","","","","","","","","","","","","","","","79.9917755126953","","","","","","","","","86.7236633300781","","","","","","90.7434692382813","90.6981048583984","91.1678237915039","","92.2261428833008","94.460563659668","",
"Brazil","BRA","Literacy rate, adult total (% of people ages 15 and above)","SE.ADT.LITR.ZS","","","","","","","","","","","","","","","","","","","","","74.5867309570313","","","","","","","","","","","","","","","","","","","","86.3678817749023","","","","88.6162414550781","","89.6152267456055","90.0093688964844","90.03662109375","90.298210144043","90.3791809082031","91.411247253418","91.333740234375","",
"Barbados","BRB","Literacy rate, adult total (% of people ages 15 and above)","SE.ADT.LITR.ZS","","","","","","","","","","","","","","","","","","","","","","","","","","","","","","","","","","","","","","","","","","","","","","","","","","","","","","",
"Brunei Darussalam","BRN","Literacy rate, adult total (% of people ages 15 and above)","SE.ADT.LITR.ZS","","","","","","","","","","","","","","","","","","","","","","77.8342132568359","","","","","","","","","","87.8041763305664","","","","","","","","","","92.6711273193359","","","","","","","","","","","95.3948516845703","",
"Bhutan","BTN","Literacy rate, adult total (% of people ages 15 and above)","SE.ADT.LITR.ZS","","","","","","","","","","","","","","","","","","","","","","","","","","","","","","","","","","","","","","","","","","","","","","52.8146896362305","","","","","","","","",
"Botswana","BWA","Literacy rate, adult total (% of people ages 15 and above)","SE.ADT.LITR.ZS","","","","","","","","","","","","","","","","","","","","","","","","","","","","","","","","68.5809097290039","","","","","","","","","","","","81.1887130737305","","","","","","","","","86.7288131713867","",
"Sub-Saharan Africa (IFC classification)","CAA","Literacy rate, adult total (% of people ages 15 and above)","SE.ADT.LITR.ZS","","","","","","","","","","","","","","","","","","","","","","","","","","","","","","","","","","","","","","","","","","","","","","","","","","","","","","",
"Central African Republic","CAF","Literacy rate, adult total (% of people ages 15 and above)","SE.ADT.LITR.ZS","","","","","","","","","","","","","","","","18.2361717224121","","","","","","","","","","","","","33.6244239807129","","","","","","","","","","","","50.6451683044434","","","","","","","","","","36.7526092529297","","","",
"Canada","CAN","Literacy rate, adult total (% of people ages 15 and above)","SE.ADT.LITR.ZS","","","","","","","","","","","","","","","","","","","","","","","","","","","","","","","","","","","","","","","","","","","","","","","","","","","","","","",
"East Asia and the Pacific (IFC classification)","CEA","Literacy rate, adult total (% of people ages 15 and above)","SE.ADT.LITR.ZS","","","","","","","","","","","","","","","","","","","","","","","","","","","","","","","","","","","","","","","","","","","","","","","","","","","","","","",
"Central Europe and the Baltics","CEB","Literacy rate, adult total (% of people ages 15 and above)","SE.ADT.LITR.ZS","","","","","","","","","","","","","","","","","","","","","","","","","","","","","","","","","","","","","","","","","","","","","","","","","","","","","","",
"Europe and Central Asia (IFC classification)","CEU","Literacy rate, adult total (% of people ages 15 and above)","SE.ADT.LITR.ZS","","","","","","","","","","","","","","","","","","","","","","","","","","","","","","","","","","","","","","","","","","","","","","","","","","","","","","",
"Switzerland","CHE","Literacy rate, adult total (% of people ages 15 and above)","SE.ADT.LITR.ZS","","","","","","","","","","","","","","","","","","","","","","","","","","","","","","","","","","","","","","","","","","","","","","","","","","","","","","",
"Channel Islands","CHI","Literacy rate, adult total (% of people ages 15 and above)","SE.ADT.LITR.ZS","","","","","","","","","","","","","","","","","","","","","","","","","","","","","","","","","","","","","","","","","","","","","","","","","","","","","","",
"Chile","CHL","Literacy rate, adult total (% of people ages 15 and above)","SE.ADT.LITR.ZS","","","","","","","","","","","","","","","","","","","","","","","91.1284027099609","","","","","","","","","","94.2911376953125","","","","","","","","","","95.7166213989258","","","","","","98.6490097045898","98.5536727905273","","","","",
"China","CHN","Literacy rate, adult total (% of people ages 15 and above)","SE.ADT.LITR.ZS","","","","","","","","","","","","","","","","","","","","","","","65.5050888061523","","","","","","","","77.7850570678711","","","","","","","","","","90.9202117919922","","","","","","","","","","95.1244735717773","","","",
"Cote d'Ivoire","CIV","Literacy rate, adult total (% of people ages 15 and above)","SE.ADT.LITR.ZS","","","","","","","","","","","","","","","","","","","","","","","","","","","","","34.1392784118652","","","","","","","","","","36.3502426147461","","48.7407608032227","","","","","","","","","","","","40.981632232666","",
"Latin America and the Caribbean (IFC classification)","CLA","Literacy rate, adult total (% of people ages 15 and above)","SE.ADT.LITR.ZS","","","","","","","","","","","","","","","","","","","","","","","","","","","","","","","","","","","","","","","","","","","","","","","","","","","","","","",
"Middle East and North Africa (IFC classification)","CME","Literacy rate, adult total (% of people ages 15 and above)","SE.ADT.LITR.ZS","","","","","","","","","","","","","","","","","","","","","","","","","","","","","","","","","","","","","","","","","","","","","","","","","","","","","","",
"Cameroon","CMR","Literacy rate, adult total (% of people ages 15 and above)","SE.ADT.LITR.ZS","","","","","","","","","","","","","","","","","41.2162094116211","","","","","","","","","","","","","","","","","","","","","","","","68.4091567993164","","","","","","","70.6799392700195","","","71.2905044555664","","","",
"Congo, Rep.","COG","Literacy rate, adult total (% of people ages 15 and above)","SE.ADT.LITR.ZS","","","","","","","","","","","","","","","","","","","","","","","","","","","","","","","","","","","","","","","","","","","","","","","","","","","","79.3111724853516","","",
"Colombia","COL","Literacy rate, adult total (% of people ages 15 and above)","SE.ADT.LITR.ZS","","","","","","","","","","","","","","","","","","","","","","","","","","","","","","","","","","81.3755569458008","","","91.207160949707","","","","","","","","92.8037796020508","92.8486633300781","92.299674987793","92.6517944335938","93.378173828125","93.2446899414063","93.3723297119141","93.5805358886719","","",
"Comoros","COM","Literacy rate, adult total (% of people ages 15 and above)","SE.ADT.LITR.ZS","","","","","","","","","","","","","","","","","","","","","47.9192314147949","","","","","","","","","","","","","","","","","","","","68.4892349243164","","","","","","","","","","","","75.9397506713867","",
"Cabo Verde","CPV","Literacy rate, adult total (% of people ages 15 and above)","SE.ADT.LITR.ZS","","","","","","","","","","","","","","","","","","","","","","","","","","","","","","","62.7968597412109","","","","","","","","","","","","","","80.0197219848633","","","","","","","","85.3277893066406","",
"Costa Rica","CRI","Literacy rate, adult total (% of people ages 15 and above)","SE.ADT.LITR.ZS","","","","","","","","","","","","","","","","","","","","","","","","","92.6290435791016","","","","","","","","","","","","","","","","94.8681869506836","","","","","","","","","","","97.4065856933594","","",
"South Asia (IFC classification)","CSA","Literacy rate, adult total (% of people ages 15 and above)","SE.ADT.LITR.ZS","","","","","","","","","","","","","","","","","","","","","","","","","","","","","","","","","","","","","","","","","","","","","","","","","","","","","","",
"Caribbean small states","CSS","Literacy rate, adult total (% of people ages 15 and above)","SE.ADT.LITR.ZS","","","","","","","","","","","","","","","","","","","","","","","","","","","","","","","","","","","","","","","","","87.6299285888672","","","","","","","","","","91.02294921875","","","",
"Cuba","CUB","Literacy rate, adult total (% of people ages 15 and above)","SE.ADT.LITR.ZS","","","","","","","","","","","","","","","","","","","","","","97.8466491699219","","","","","","","","","","","","","","","","","","","","","99.799072265625","","","","","","","","","","99.8374099731445","",
"Curacao","CUW","Literacy rate, adult total (% of people ages 15 and above)","SE.ADT.LITR.ZS","","","","","","","","","","","","","","","","","","","","","","","","","","","","","","","","","","","","","","","","","","","","","","","","","","","","","","",
"Cayman Islands","CYM","Literacy rate, adult total (% of people ages 15 and above)","SE.ADT.LITR.ZS","","","","","","","","","","","","","","","","","","","","","","","","","","","","","","","","","","","","","","","","","","","","","","","","98.8678207397461","","","","","","",
"Cyprus","CYP","Literacy rate, adult total (% of people ages 15 and above)","SE.ADT.LITR.ZS","","","","","","","","","","","","","","","","","","","","","","","","","","","","","","","","","94.3624725341797","","","","","","","","","96.8036346435547","","","","","","","","","","98.6784286499023","","",
"Czech Republic","CZE","Literacy rate, adult total (% of people ages 15 and above)","SE.ADT.LITR.ZS","","","","","","","","","","","","","","","","","","","","","","","","","","","","","","","","","","","","","","","","","","","","","","","","","","","","","","",
"Germany","DEU","Literacy rate, adult total (% of people ages 15 and above)","SE.ADT.LITR.ZS","","","","","","","","","","","","","","","","","","","","","","","","","","","","","","","","","","","","","","","","","","","","","","","","","","","","","","",
"Djibouti","DJI","Literacy rate, adult total (% of people ages 15 and above)","SE.ADT.LITR.ZS","","","","","","","","","","","","","","","","","","","","","","","","","","","","","","","","","","","","","","","","","","","","","","","","","","","","","","",
"Dominica","DMA","Literacy rate, adult total (% of people ages 15 and above)","SE.ADT.LITR.ZS","","","","","","","","","","","","","","","","","","","","","","","","","","","","","","","","","","","","","","","","","","","","","","","","","","","","","","",
"Denmark","DNK","Literacy rate, adult total (% of people ages 15 and above)","SE.ADT.LITR.ZS","","","","","","","","","","","","","","","","","","","","","","","","","","","","","","","","","","","","","","","","","","","","","","","","","","","","","","",
"Dominican Republic","DOM","Literacy rate, adult total (% of people ages 15 and above)","SE.ADT.LITR.ZS","","","","","","","","","","","","","","","","","","","","","","73.064567565918","","","","","","","","","","","","","","","","","","","","","86.996467590332","","","","","88.2444610595703","","","89.5387344360352","90.1062698364258","90.1551818847656","90.8581466674805",
"Algeria","DZA","Literacy rate, adult total (% of people ages 15 and above)","SE.ADT.LITR.ZS","","","","","","","","","","","","","","","","","","","","","","","","","","","","49.6308860778809","","","","","","","","","","","","","","","69.8734970092773","","","","72.648681640625","","","","","","","",
"East Asia & Pacific (developing only)","EAP","Literacy rate, adult total (% of people ages 15 and above)","SE.ADT.LITR.ZS","","","","","","","","","","","","","","","","","","","","","","","","","","","","","","","79.7459030151367","","","","","","","","","","90.7692337036133","","","","","","","","","","94.5400619506836","","","",
"East Asia & Pacific (all income levels)","EAS","Literacy rate, adult total (% of people ages 15 and above)","SE.ADT.LITR.ZS","","","","","","","","","","","","","","","","","","","","","","","","","","","","","","","82.0523223876953","","","","","","","","","","91.6143264770508","","","","","","","","","","94.9190673828125","","","",
"Europe & Central Asia (developing only)","ECA","Literacy rate, adult total (% of people ages 15 and above)","SE.ADT.LITR.ZS","","","","","","","","","","","","","","","","","","","","","","","","","","","","","","","94.2606964111328","","","","","","","","","","95.8919830322266","","","","","","","","","","98.148307800293","","","",
"Europe & Central Asia (all income levels)","ECS","Literacy rate, adult total (% of people ages 15 and above)","SE.ADT.LITR.ZS","","","","","","","","","","","","","","","","","","","","","","","","","","","","","","","97.2740631103516","","","","","","","","","","98.1442260742188","","","","","","","","","","98.9521331787109","","","",
"Ecuador","ECU","Literacy rate, adult total (% of people ages 15 and above)","SE.ADT.LITR.ZS","","","","","","","","","","","","","","","","","","","","","","","83.5526885986328","","","","","","","","88.2987594604492","","","","","","","","","","","90.9840240478516","","","","","","84.1927261352539","","84.2069625854492","91.8540420532227","91.5868988037109","","93.2946243286133",
"Egypt, Arab Rep.","EGY","Literacy rate, adult total (% of people ages 15 and above)","SE.ADT.LITR.ZS","","","","","","","","","","","","","","","","","38.1967658996582","","","","","","","","","","44.4239921569824","","","","","","","","","","55.5869979858398","","","","","","","","","71.4088668823242","66.3699035644531","","","","72.0478515625","","73.8655853271484","",
"Euro area","EMU","Literacy rate, adult total (% of people ages 15 and above)","SE.ADT.LITR.ZS","","","","","","","","","","","","","","","","","","","","","","","","","","","","","","","","","","","","","","","","","","","","","","","","","","","98.8378448486328","","","",
"Eritrea","ERI","Literacy rate, adult total (% of people ages 15 and above)","SE.ADT.LITR.ZS","","","","","","","","","","","","","","","","","","","","","","","","","","","","","","","","","","","","","","","","","","","52.5139503479004","","","","","","","","","","70.4917602539063","",
"Spain","ESP","Literacy rate, adult total (% of people ages 15 and above)","SE.ADT.LITR.ZS","","","","","","","","","","","","","","","","","","","","","","92.8097686767578","","","","","","","","","","96.4949722290039","","","","","","","","","","","","","","97.7506942749023","","97.9388427734375","97.6306076049805","97.6792678833008","97.748893737793","97.7837524414063","97.8945388793945","",
"Estonia","EST","Literacy rate, adult total (% of people ages 15 and above)","SE.ADT.LITR.ZS","","","","","","","","","","","","","","","","","","","","","","","","","","","","","","99.7264404296875","","","","","","","","","","","99.7671966552734","","","","","","","","","","","99.8627777099609","","",
"Ethiopia","ETH","Literacy rate, adult total (% of people ages 15 and above)","SE.ADT.LITR.ZS","","","","","","","","","","","","","","","","","","","","","","","","","","","","","","","","","","","27.0113544464111","","","","","","","","","","35.9000015258789","29.8203372955322","","38.9959831237793","","","","","","",
"European Union","EUU","Literacy rate, adult total (% of people ages 15 and above)","SE.ADT.LITR.ZS","","","","","","","","","","","","","","","","","","","","","","","","","","","","","","","","","","","","","","","","","","","","","","","","","","","99.0933609008789","","","",
"Fragile and conflict affected situations","FCS","Literacy rate, adult total (% of people ages 15 and above)","SE.ADT.LITR.ZS","","","","","","","","","","","","","","","","","","","","","","","","","","","","","","","","","","","","","","","","","64.2796478271484","","","","","","","","","","66.8476181030273","","","",
"Finland","FIN","Literacy rate, adult total (% of people ages 15 and above)","SE.ADT.LITR.ZS","","","","","","","","","","","","","","","","","","","","","","","","","","","","","","","","","","","","","","","","","","","","","","","","","","","","","","",
"Fiji","FJI","Literacy rate, adult total (% of people ages 15 and above)","SE.ADT.LITR.ZS","","","","","","","","","","","","","","","","","","","","","","","","","","","","","","","","","","","","","","","","","","","","","","","","","","","","","","",
"France","FRA","Literacy rate, adult total (% of people ages 15 and above)","SE.ADT.LITR.ZS","","","","","","","","","","","","","","","","","","","","","","","","","","","","","","","","","","","","","","","","","","","","","","","","","","","","","","",
"Faeroe Islands","FRO","Literacy rate, adult total (% of people ages 15 and above)","SE.ADT.LITR.ZS","","","","","","","","","","","","","","","","","","","","","","","","","","","","","","","","","","","","","","","","","","","","","","","","","","","","","","",
"Micronesia, Fed. Sts.","FSM","Literacy rate, adult total (% of people ages 15 and above)","SE.ADT.LITR.ZS","","","","","","","","","","","","","","","","","","","","","","","","","","","","","","","","","","","","","","","","","","","","","","","","","","","","","","",
"Gabon","GAB","Literacy rate, adult total (% of people ages 15 and above)","SE.ADT.LITR.ZS","","","","","","","","","","","","","","","","","","","","","","","","","","","","","","","","","","72.2336730957031","","","","","","","","","","","83.8006896972656","","","","","","","","82.2837982177734","",
"United Kingdom","GBR","Literacy rate, adult total (% of people ages 15 and above)","SE.ADT.LITR.ZS","","","","","","","","","","","","","","","","","","","","","","","","","","","","","","","","","","","","","","","","","","","","","","","","","","","","","","",
"Georgia","GEO","Literacy rate, adult total (% of people ages 15 and above)","SE.ADT.LITR.ZS","","","","","","","","","","","","","","","","","","","","","","","","","","","","","","","","","","","","","","","","","","","99.6523513793945","","","","","","","","","","99.7391586303711","",
"Ghana","GHA","Literacy rate, adult total (% of people ages 15 and above)","SE.ADT.LITR.ZS","","","","","","","","","","","","","","","","","","","","","","","","","","","","","","","","","","","","","","","","","57.8974723815918","","","","","","","","","","71.4970779418945","","","",
"Guinea","GIN","Literacy rate, adult total (% of people ages 15 and above)","SE.ADT.LITR.ZS","","","","","","","","","","","","","","","","","","","","","","","","","","","","","","","","","","","","","20.5537490844727","","","","","","","29.7040176391602","","","","","","","25.3077449798584","","","",
"Gambia, The","GMB","Literacy rate, adult total (% of people ages 15 and above)","SE.ADT.LITR.ZS","","","","","","","","","","","","","","","","","","","","","","","","","","","","","","","","","","","","","","","","","36.8177261352539","","","","","","","","","","","","52.0043601989746","",
"Guinea-Bissau","GNB","Literacy rate, adult total (% of people ages 15 and above)","SE.ADT.LITR.ZS","","","","","","","","","","","","","","","","","","","","19.9582481384277","","","","","","","","","","","","","","","","","","","","","41.3577690124512","","","","","","","","","","","","56.7351303100586","",
"Equatorial Guinea","GNQ","Literacy rate, adult total (% of people ages 15 and above)","SE.ADT.LITR.ZS","","","","","","","","","","","","","","","","","","","","","","","","","","","","","","","","","","","","","","","","","88.3083038330078","","","","","","","","","","","","94.5138092041016","",
"Greece","GRC","Literacy rate, adult total (% of people ages 15 and above)","SE.ADT.LITR.ZS","","","","","","","","","","","","","","","","","","","","","","90.512321472168","","","","","","","","","","92.6104507446289","","","","","","","","","","95.9943618774414","","","","","","","","","","","97.36376953125","",
"Grenada","GRD","Literacy rate, adult total (% of people ages 15 and above)","SE.ADT.LITR.ZS","","","","","","","","","","","96","","","","","","","","","","","","","","","","","","","","","","","","","","","","","","","","","","","","","","","","","","","",
"Greenland","GRL","Literacy rate, adult total (% of people ages 15 and above)","SE.ADT.LITR.ZS","","","","","","","","","","","","","","","","","","","","","","","","","","","","","","","","","","","","","","","","","","","","","","","","","","","","","","",
"Guatemala","GTM","Literacy rate, adult total (% of people ages 15 and above)","SE.ADT.LITR.ZS","","","","","","","","","","","","","","","","","","","","","","","","","","","","","","","","","","","64.2116394042969","","","","","","","","69.1017303466797","","","","","","","","","","78.2648544311523","",
"Guam","GUM","Literacy rate, adult total (% of people ages 15 and above)","SE.ADT.LITR.ZS","","","","","","","","","","","","","","","","","","","","","96.420654296875","","","","","","","","","","","","","","","","","","","","","","","","","","","","","","","","","",
"Guyana","GUY","Literacy rate, adult total (% of people ages 15 and above)","SE.ADT.LITR.ZS","","","","","","","","","","","","","","","","","","","","","","","","","","","","","","","","","","","","","","","","","","","","","","","","","","84.994010925293","","","","",
"High income","HIC","Literacy rate, adult total (% of people ages 15 and above)","SE.ADT.LITR.ZS","","","","","","","","","","","","","","","","","","","","","","","","","","","","","","","","","","","","","","","","","","","","","","","","","","","","","","",
"Hong Kong SAR, China","HKG","Literacy rate, adult total (% of people ages 15 and above)","SE.ADT.LITR.ZS","","","","","","","","","","","","","","","","","","","","","","","","","","","","","","","","","","","","","","","","","","","","","","","","","","","","","","",
"Honduras","HND","Literacy rate, adult total (% of people ages 15 and above)","SE.ADT.LITR.ZS","","","","","","","","","","","","","","","","","","","","","","","","","","","","","","","","","","","","","","","","","","80.0110321044922","","","","","","83.588996887207","","","84.7553634643555","85.1233139038086","85.3555526733398","",
"Heavily indebted poor countries (HIPC)","HPC","Literacy rate, adult total (% of people ages 15 and above)","SE.ADT.LITR.ZS","","","","","","","","","","","","","","","","","","","","","","","","","","","","","","","45.6485061645508","","","","","","","","","","52.2494583129883","","","","","","","","","","55.0283546447754","","","",
"Croatia","HRV","Literacy rate, adult total (% of people ages 15 and above)","SE.ADT.LITR.ZS","","","","","","","","","","","","","","","","","","","","","","","","","","","","","","","","96.701545715332","","","","","","","","","","98.1466751098633","","","","","","","","","","99.125358581543","","",
"Haiti","HTI","Literacy rate, adult total (% of people ages 15 and above)","SE.ADT.LITR.ZS","","","","","","","","","","","","","","","","","","","","","","","34.734691619873","","","","","","","","","","","","","","","","","","","","","58.7439041137695","","","48.6850204467773","","","","","","","",
"Hungary","HUN","Literacy rate, adult total (% of people ages 15 and above)","SE.ADT.LITR.ZS","","","","","","","","","","","","","","","","","","","","","98.858283996582","","","","","","","","","","","","","","98.9820709228516","","","","","","","","","","99.0299682617188","","","","","","","","99.3735580444336","",
"Indonesia","IDN","Literacy rate, adult total (% of people ages 15 and above)","SE.ADT.LITR.ZS","","","","","","","","","","","","","","","","","","","","","67.3126754760742","","","","","","","","","","81.5198516845703","","","","","","","","","","","","","","90.3847885131836","","91.9822692871094","","92.1922988891602","92.5816955566406","","92.8119049072266","","",
"Isle of Man","IMN","Literacy rate, adult total (% of people ages 15 and above)","SE.ADT.LITR.ZS","","","","","","","","","","","","","","","","","","","","","","","","","","","","","","","","","","","","","","","","","","","","","","","","","","","","","","",
"India","IND","Literacy rate, adult total (% of people ages 15 and above)","SE.ADT.LITR.ZS","","","","","","","","","","","","","","","","","","","","","","40.7635917663574","","","","","","","","","","48.2220764160156","","","","","","","","","","61.0145568847656","","","","","62.7544746398926","","","","","","","",
"Not classified","INX","Literacy rate, adult total (% of people ages 15 and above)","SE.ADT.LITR.ZS","","","","","","","","","","","","","","","","","","","","","","","","","","","","","","","","","","","","","","","","","","","","","","","","","","","","","","",
"Ireland","IRL","Literacy rate, adult total (% of people ages 15 and above)","SE.ADT.LITR.ZS","","","","","","","","","","","","","","","","","","","","","","","","","","","","","","","","","","","","","","","","","","","","","","","","","","","","","","",
"Iran, Islamic Rep.","IRN","Literacy rate, adult total (% of people ages 15 and above)","SE.ADT.LITR.ZS","","","","","","","","","","","","","","","","","36.5184020996094","","","","","","","","","","52.3197555541992","","","","","65.5314025878906","","","","","73.0602569580078","","","","","","77","","","82.4412002563477","82.3313140869141","","85.0187683105469","","","","84.2795104980469","",
"Iraq","IRQ","Literacy rate, adult total (% of people ages 15 and above)","SE.ADT.LITR.ZS","","","","","","","","","","","","","","","","","","","","","","","","","","","","","","","","","","","","","","","","","74.0522003173828","","","","","","","","","","","","79.0019989013672","",
"Iceland","ISL","Literacy rate, adult total (% of people ages 15 and above)","SE.ADT.LITR.ZS","","","","","","","","","","","","","","","","","","","","","","","","","","","","","","","","","","","","","","","","","","","","","","","","","","","","","","",
"Israel","ISR","Literacy rate, adult total (% of people ages 15 and above)","SE.ADT.LITR.ZS","","","","","","","","","","","","","","","","","","","","","","","","91.7514114379883","","","","","","","","","","","","","","","","","","","","","","","","","","","","97.7641906738281","","",
"Italy","ITA","Literacy rate, adult total (% of people ages 15 and above)","SE.ADT.LITR.ZS","","","","","","","","","","","","","","","","","","","","","","96.4605407714844","","","","","","","","","","","","","","","","","","","","98.416618347168","","","","","","","","","","","99.0256118774414","",
"Jamaica","JAM","Literacy rate, adult total (% of people ages 15 and above)","SE.ADT.LITR.ZS","","","","","","","","","","","","","","","","","","","","","","","","","","","","","","","","","","","","","","","","79.9201202392578","","","","","","","","","","","","","87.4820175170898","",
"Jordan","JOR","Literacy rate, adult total (% of people ages 15 and above)","SE.ADT.LITR.ZS","","","","","","","","","","","","","","","","","","","","66.7968063354492","","","","","","","","","","","","","","","","","","","","","","","","89.8923263549805","","91.1307525634766","","92.199577331543","","","92.5510406494141","95.9044494628906","97.8903198242188","",
"Japan","JPN","Literacy rate, adult total (% of people ages 15 and above)","SE.ADT.LITR.ZS","","","","","","","","","","","","","","","","","","","","","","","","","","","","","","","","","","","","","","","","","","","","","","","","","","","","","","",
"Kazakhstan","KAZ","Literacy rate, adult total (% of people ages 15 and above)","SE.ADT.LITR.ZS","","","","","","","","","","","","","","","","","","","","","","","","","","","","","","97.5293807983398","","","","","","","","","","99.5126571655273","","","","","","","","","","99.7324142456055","","","","",
"Kenya","KEN","Literacy rate, adult total (% of people ages 15 and above)","SE.ADT.LITR.ZS","","","","","","","","","","","","","","","","","","","","","","","","","","","","","","","","","","","","","","","","","82.2290725708008","","","","","","","72.1570281982422","","","","","","",
"Kyrgyz Republic","KGZ","Literacy rate, adult total (% of people ages 15 and above)","SE.ADT.LITR.ZS","","","","","","","","","","","","","","","","","","","","","","","","","","","","","","","","","","","","","","","","98.7016143798828","","","","","","","","","","99.2414016723633","","","","",
"Cambodia","KHM","Literacy rate, adult total (% of people ages 15 and above)","SE.ADT.LITR.ZS","","","","","","","","","","","","","","","","","","","","","","","","","","","","","","","","","","","","","","","67.3350296020508","","","","","","73.6099548339844","","","","77.586540222168","73.9000244140625","","","","",
"Kiribati","KIR","Literacy rate, adult total (% of people ages 15 and above)","SE.ADT.LITR.ZS","","","","","","","","","","","","","","","","","","","","","","","","","","","","","","","","","","","","","","","","","","","","","","","","","","","","","","",
"St. Kitts and Nevis","KNA","Literacy rate, adult total (% of people ages 15 and above)","SE.ADT.LITR.ZS","","","","","","","","","","","","","","","","","","","","","","","","","","","","","","","","","","","","","","","","","","","","","","","","","","","","","","",
"Korea, Rep.","KOR","Literacy rate, adult total (% of people ages 15 and above)","SE.ADT.LITR.ZS","","","","","","","","","","","","","","","","","","","","","","","","","","","","","","","","","","","","","","","","","","","","","","","","","","","","","","",
"Kosovo","KSV","Literacy rate, adult total (% of people ages 15 and above)","SE.ADT.LITR.ZS","","","","","","","","","","","","","","","","","","","","","","","","","","","","","","","","","","","","","","","","","","","","","","","","","","","","","","",
"Kuwait","KWT","Literacy rate, adult total (% of people ages 15 and above)","SE.ADT.LITR.ZS","","","","","","","","","","","","","","","","59.5643920898438","","","","","67.5176544189453","","","","","74.4908676147461","","","","","","","","","","78.3955001831055","","","","","","","","","","93.2744674682617","93.2821197509766","93.6641845703125","93.9062042236328","","","","95.5131759643555","",
"Latin America & Caribbean (developing only)","LAC","Literacy rate, adult total (% of people ages 15 and above)","SE.ADT.LITR.ZS","","","","","","","","","","","","","","","","","","","","","","","","","","","","","","","85.3122253417969","","","","","","","","","","89.4831848144531","","","","","","","","","","92.1613540649414","","","",
"Lao PDR","LAO","Literacy rate, adult total (% of people ages 15 and above)","SE.ADT.LITR.ZS","","","","","","","","","","","","","","","","","","","","","","","","","","","","","","","","","","","","60.2513313293457","","","","","69.583122253418","68.7343978881836","","","","72.702262878418","","","","","","","","",
"Lebanon","LBN","Literacy rate, adult total (% of people ages 15 and above)","SE.ADT.LITR.ZS","","","","","","","","","","","","","","","","","","","","","","","","","","","","","","","","","","","","","","","","","","","","","","","","89.6124420166016","","","","","","",
"Liberia","LBR","Literacy rate, adult total (% of people ages 15 and above)","SE.ADT.LITR.ZS","","","","","","","","","","","","","","","","","","","","","","","","","32.1067657470703","","","","","","","","","","42.6660499572754","","","","","","","","","","43.1083717346191","","","42.9410858154297","","","","","","",
"Libya","LBY","Literacy rate, adult total (% of people ages 15 and above)","SE.ADT.LITR.ZS","","","","","","","","","","","","","","","","","","","","","","","","","60.1643943786621","","","","","","","","","","75.8079071044922","","","","","","","","","","85.4168167114258","","","","","","","","89.8794403076172","",
"St. Lucia","LCA","Literacy rate, adult total (% of people ages 15 and above)","SE.ADT.LITR.ZS","","","","","","","","","","","","","","","","","","","","","","","","","","","","","","","","","","","","","","","","","","","","","","","","","","","","","","",
"Latin America & Caribbean (all income levels)","LCN","Literacy rate, adult total (% of people ages 15 and above)","SE.ADT.LITR.ZS","","","","","","","","","","","","","","","","","","","","","","","","","","","","","","","85.7521667480469","","","","","","","","","","89.7608489990234","","","","","","","","","","92.4109725952148","","","",
"Latin America and the Caribbean","LCR","Literacy rate, adult total (% of people ages 15 and above)","SE.ADT.LITR.ZS","","","","","","","","","","","","","","","","","","","","","","","","","","","","","","","","","","","","","","","","","","","","","","","","","","","","","","",
"Least developed countries: UN classification","LDC","Literacy rate, adult total (% of people ages 15 and above)","SE.ADT.LITR.ZS","","","","","","","","","","","","","","","","","","","","","","","","","","","","","","","46.3883628845215","","","","","","","","","","53.9508056640625","","","","","","","","","","58.7155342102051","","","",
"Low income","LIC","Literacy rate, adult total (% of people ages 15 and above)","SE.ADT.LITR.ZS","","","","","","","","","","","","","","","","","","","","","","","","","","","","","","","51.4268226623535","","","","","","","","","","57.9300270080566","","","","","","","","","","60.8299369812012","","","",
"Liechtenstein","LIE","Literacy rate, adult total (% of people ages 15 and above)","SE.ADT.LITR.ZS","","","","","","","","","","","","","","","","","","","","","","","","","","","","","","","","","","","","","","","","","","","","","","","","","","","","","","",
"Sri Lanka","LKA","Literacy rate, adult total (% of people ages 15 and above)","SE.ADT.LITR.ZS","","","","","","","","","","","","","","","","","","","","","","86.7779235839844","","","","","","","","","","","","","","","","","","","","90.6827545166016","","","","","90.8088226318359","","90.5579528808594","","91.1813583374023","","","",
"Lower middle income","LMC","Literacy rate, adult total (% of people ages 15 and above)","SE.ADT.LITR.ZS","","","","","","","","","","","","","","","","","","","","","","","","","","","","","","","58.7283172607422","","","","","","","","","","67.6031723022461","","","","","","","","","","70.5040817260742","","","",
"Low & middle income","LMY","Literacy rate, adult total (% of people ages 15 and above)","SE.ADT.LITR.ZS","","","","","","","","","","","","","","","","","","","","","","","","","","","","","","","68.4572525024414","","","","","","","","","","77.107536315918","","","","","","","","","","80.4168014526367","","","",
"Lesotho","LSO","Literacy rate, adult total (% of people ages 15 and above)","SE.ADT.LITR.ZS","","","","","","","","","","","","","","","","","","","","","","","","","","","","","","","","","","","","","","","","","86.2544326782227","","","","","","","","","75.8002014160156","","","","",
"Lithuania","LTU","Literacy rate, adult total (% of people ages 15 and above)","SE.ADT.LITR.ZS","","","","","","","","","","","","","","","","","","","","","","","","","","","","","","98.4412689208984","","","","","","","","","","","","99.645751953125","","","","","","","","","","99.8155975341797","","",
"Luxembourg","LUX","Literacy rate, adult total (% of people ages 15 and above)","SE.ADT.LITR.ZS","","","","","","","","","","","","","","","","","","","","","","","","","","","","","","","","","","","","","","","","","","","","","","","","","","","","","","",
"Latvia","LVA","Literacy rate, adult total (% of people ages 15 and above)","SE.ADT.LITR.ZS","","","","","","","","","","","","","","","","","","","","","","","","","","","","","","99.4523010253906","","","","","","","","","","","99.7465667724609","","","","","","","","","","","99.8959045410156","","",
"Macao SAR, China","MAC","Literacy rate, adult total (% of people ages 15 and above)","SE.ADT.LITR.ZS","","","","","","","","","","","","","","","","","","","","","","90.3781814575195","","","","","","","","","","","","","","","","","","","","91.2953720092773","","","","","93.499755859375","","","","","95.6400375366211","","",
"St. Martin (French part)","MAF","Literacy rate, adult total (% of people ages 15 and above)","SE.ADT.LITR.ZS","","","","","","","","","","","","","","","","","","","","","","","","","","","","","","","","","","","","","","","","","","","","","","","","","","","","","","",
"Morocco","MAR","Literacy rate, adult total (% of people ages 15 and above)","SE.ADT.LITR.ZS","","","","","","","","","","","","","","","","","","","","","","","30.2578048706055","","","","","","","","","","","","41.5941047668457","","","","","","","","","","52.3062591552734","","","","55.1479187011719","56.0836715698242","","67.0841598510742","","",
"Mexico and Central America","MCA","Literacy rate, adult total (% of people ages 15 and above)","SE.ADT.LITR.ZS","","","","","","","","","","","","","","","","","","","","","","","","","","","","","","","","","","","","","","","","","","","","","","","","","","","","","","",
"Monaco","MCO","Literacy rate, adult total (% of people ages 15 and above)","SE.ADT.LITR.ZS","","","","","","","","","","","","","","","","","","","","","","","","","","","","","","","","","","","","","","","","","","","","","","","","","","","","","","",
"Moldova","MDA","Literacy rate, adult total (% of people ages 15 and above)","SE.ADT.LITR.ZS","","","","","","","","","","","","","","","","","","","","","","","","","","","","","","96.3775482177734","","","","","","","","","","","96.6537933349609","","","","","","","","","","","","99.0680999755859","",
"Madagascar","MDG","Literacy rate, adult total (% of people ages 15 and above)","SE.ADT.LITR.ZS","","","","","","","","","","","","","","","","","","","","","","","","","","","","","","","","","","","","","","","","","70.6861724853516","","","","","","","","","64.4809036254883","","","","",
"Maldives","MDV","Literacy rate, adult total (% of people ages 15 and above)","SE.ADT.LITR.ZS","","","","","","","","","","","","","","","","","","82.2999572753906","","","","","","","","92.2300491333008","","","","","96.0182571411133","","","","","96.3264923095703","","","","","96.3264923095703","","","","","","98.3978958129883","","","","","","","",
"Middle East & North Africa (all income levels)","MEA","Literacy rate, adult total (% of people ages 15 and above)","SE.ADT.LITR.ZS","","","","","","","","","","","","","","","","","","","","","","","","","","","","","","","58.4482498168945","","","","","","","","","","70.3997573852539","","","","","","","","","","79.9558258056641","","","",
"Mexico","MEX","Literacy rate, adult total (% of people ages 15 and above)","SE.ADT.LITR.ZS","","","","","","","","","","","","","","","","","","","","","82.9892425537109","","","","","","","","","","87.55615234375","","","","","","","","","","90.5356216430664","","90.274658203125","","90.953742980957","91.6302642822266","91.7345199584961","92.7951736450195","92.9255981445313","93.4418792724609","93.0689392089844","93.5199813842773","94.228401184082","",
"Marshall Islands","MHL","Literacy rate, adult total (% of people ages 15 and above)","SE.ADT.LITR.ZS","","","","","","","","","","","","","","","","","","","","","","","","","","","","","","","","","","","","","","","","","","","","","","","","","","","","","","",
"Middle income","MIC","Literacy rate, adult total (% of people ages 15 and above)","SE.ADT.LITR.ZS","","","","","","","","","","","","","","","","","","","","","","","","","","","","","","","70.5890808105469","","","","","","","","","","79.6369705200195","","","","","","","","","","83.1382217407227","","","",
"Macedonia, FYR","MKD","Literacy rate, adult total (% of people ages 15 and above)","SE.ADT.LITR.ZS","","","","","","","","","","","","","","","","","","","","","","","","","","","","","","","","","","","94.0587463378906","","","","","","","","96.1289291381836","","","","","","","","","","97.5370635986328","",
"Mali","MLI","Literacy rate, adult total (% of people ages 15 and above)","SE.ADT.LITR.ZS","","","","","","","","","","","","","","","","","9.43380737304688","","","","","","","","","","","","","","","","","","","","","","19.0449714660645","","","","","24","","","26.1765537261963","","","","31.0997543334961","33.5609397888184","","",
"Malta","MLT","Literacy rate, adult total (% of people ages 15 and above)","SE.ADT.LITR.ZS","","","","","","","","","","","","","","","","","","","","","","","","","","87.9821701049805","","","","","","","","","","87.8686981201172","","","","","","","","","","92.3630905151367","","","","","","","","",
"Myanmar","MMR","Literacy rate, adult total (% of people ages 15 and above)","SE.ADT.LITR.ZS","","","","","","","","","","","","","","","","","","","","","","","","78.5704116821289","","","","","","","","","","","","","","","","","89.941764831543","","","","","","","","","","","","92.6251831054688","",
"Middle East & North Africa (developing only)","MNA","Literacy rate, adult total (% of people ages 15 and above)","SE.ADT.LITR.ZS","","","","","","","","","","","","","","","","","","","","","","","","","","","","","","","56.0052871704102","","","","","","","","","","68.0773086547852","","","","","","","","","","77.6906661987305","","","",
"Montenegro","MNE","Literacy rate, adult total (% of people ages 15 and above)","SE.ADT.LITR.ZS","","","","","","","","","","","","","","","","","","","","","","","","","","","","","","","","","","","","","","","","","","","","","","","","","","","","98.4422073364258","","",
"Mongolia","MNG","Literacy rate, adult total (% of people ages 15 and above)","SE.ADT.LITR.ZS","","","","","","","","","","","","","","","","","","","","","","","","","","","","","","","","","","","","","","","","","97.7688522338867","","","","","","","","","","98.2570037841797","","","",
"Northern Mariana Islands","MNP","Literacy rate, adult total (% of people ages 15 and above)","SE.ADT.LITR.ZS","","","","","","","","","","","","","","","","","","","","","","","","","","","","","","","","","","","","","","","","","","","","","","","","","","","","","","",
"Mozambique","MOZ","Literacy rate, adult total (% of people ages 15 and above)","SE.ADT.LITR.ZS","","","","","","","","","","","","","","","","","","","","","27.1017780303955","","","","","","","","","","","","","","","","","38.707878112793","","","","","","48.1588401794434","","","","","","50.583812713623","","","","",
"Mauritania","MRT","Literacy rate, adult total (% of people ages 15 and above)","SE.ADT.LITR.ZS","","","","","","","","","","","","","","","","","","","","","","","","","","","","","","","","","","","","","","","","","51.2076797485352","","","","","","","45.5037841796875","","","","","","",
"Mauritius","MUS","Literacy rate, adult total (% of people ages 15 and above)","SE.ADT.LITR.ZS","","","","","","","","","","","","","","","","","","","","","","","","","","","","","","","79.8686599731445","","","","","","","","","","84.3030853271484","","","","","","","","","","","89.2498321533203","","",
"Malawi","MWI","Literacy rate, adult total (% of people ages 15 and above)","SE.ADT.LITR.ZS","","","","","","","","","","","","","","","","","","","","","","","","","","","","48.5366554260254","","","","","","","","","","","64.1342544555664","","","","","","","","","","","","61.3097229003906","","","",
"Malaysia","MYS","Literacy rate, adult total (% of people ages 15 and above)","SE.ADT.LITR.ZS","","","","","","","","","","","","","","","","","","","","","69.5163345336914","","","","","","","","","","","82.9153747558594","","","","","","","","","88.6877593994141","","","","","","","","","","93.1178817749023","","","",
"North America","NAC","Literacy rate, adult total (% of people ages 15 and above)","SE.ADT.LITR.ZS","","","","","","","","","","","","","","","","","","","","","","","","","","","","","","","","","","","","","","","","","","","","","","","","","","","","","","",
"Namibia","NAM","Literacy rate, adult total (% of people ages 15 and above)","SE.ADT.LITR.ZS","","","","","","","","","","","","","","","","","","","","","","","","","","","","","","","","75.8165817260742","","","","","","","","","","85.0412826538086","","","","","","76.4865951538086","","","","","","",
"New Caledonia","NCL","Literacy rate, adult total (% of people ages 15 and above)","SE.ADT.LITR.ZS","","","","","","","","","","","","","","","","","91.3003692626953","","","","","","","","","","","","","93.0806274414063","","","","","","","96.1379241943359","","","","","","","","","","","","","","","","96.5319137573242","",
"Niger","NER","Literacy rate, adult total (% of people ages 15 and above)","SE.ADT.LITR.ZS","","","","","","","","","","","","","","","","","","","","","","","","","","","","","","","","","","","","","","","","","","14.3760375976563","","","","28.6724224090576","","","","","","","15.4566974639893","",
"Nigeria","NGA","Literacy rate, adult total (% of people ages 15 and above)","SE.ADT.LITR.ZS","","","","","","","","","","","","","","","","","","","","","","","","","","","","","","","","55.4467544555664","","","","","","","","","","","","54.7731781005859","","","","","51.0776596069336","","","","","",
"Nicaragua","NIC","Literacy rate, adult total (% of people ages 15 and above)","SE.ADT.LITR.ZS","","","","","","","","","","","","","","","","","","","","","","","","","","","","","","","","","","","","","","","","","","76.6771240234375","","","","78.0029830932617","","","","","","","","",
"Netherlands","NLD","Literacy rate, adult total (% of people ages 15 and above)","SE.ADT.LITR.ZS","","","","","","","","","","","","","","","","","","","","","","","","","","","","","","","","","","","","","","","","","","","","","","","","","","","","","","",
"High income: nonOECD","NOC","Literacy rate, adult total (% of people ages 15 and above)","SE.ADT.LITR.ZS","","","","","","","","","","","","","","","","","","","","","","","","","","","","","","","95.0129623413086","","","","","","","","","","96.7656097412109","","","","","","","","","","98.1687393188477","","","",
"Norway","NOR","Literacy rate, adult total (% of people ages 15 and above)","SE.ADT.LITR.ZS","","","","","","","","","","","","","","","","","","","","","","","","","","","","","","","","","","","","","","","","","","","","","","","","","","","","","","",
"Nepal","NPL","Literacy rate, adult total (% of people ages 15 and above)","SE.ADT.LITR.ZS","","","","","","","","","","","","","","","","","","","","","","20.573673248291","","","","","","","","","","32.9755859375","","","","","","","","","","48.6089706420898","","","","","","","","","","57.3691024780273","","",
"New Zealand","NZL","Literacy rate, adult total (% of people ages 15 and above)","SE.ADT.LITR.ZS","","","","","","","","","","","","","","","","","","","","","","","","","","","","","","","","","","","","","","","","","","","","","","","","","","","","","","",
"High income: OECD","OEC","Literacy rate, adult total (% of people ages 15 and above)","SE.ADT.LITR.ZS","","","","","","","","","","","","","","","","","","","","","","","","","","","","","","","","","","","","","","","","","","","","","","","","","","","","","","",
"OECD members","OED","Literacy rate, adult total (% of people ages 15 and above)","SE.ADT.LITR.ZS","","","","","","","","","","","","","","","","","","","","","","","","","","","","","","","","","","","","","","","","","","","","","","","","","","","","","","",
"Oman","OMN","Literacy rate, adult total (% of people ages 15 and above)","SE.ADT.LITR.ZS","","","","","","","","","","","","","","","","","","","","","","","","","","","","","","","","","","","","","","","","","","","","81.3633117675781","","","","","86.6211395263672","","86.9389953613281","","","",
"Other small states","OSS","Literacy rate, adult total (% of people ages 15 and above)","SE.ADT.LITR.ZS","","","","","","","","","","","","","","","","","","","","","","","","","","","","","","","66.2503051757813","","","","","","","","","","73.3047103881836","","","","","","","","","","75.1862335205078","","","",
"Pakistan","PAK","Literacy rate, adult total (% of people ages 15 and above)","SE.ADT.LITR.ZS","","","","","","","","","","","","","","","","","","","","","","25.7251930236816","","","","","","","","","","","","","","","","","42.6993103027344","","","","","","","49.8736457824707","54.1512107849121","","55.5263671875","54.892635345459","55.3751907348633","54.7380180358887","","",
"Panama","PAN","Literacy rate, adult total (% of people ages 15 and above)","SE.ADT.LITR.ZS","","","","","","","","","","","","","","","","","","","","","88.0717391967773","","","","","","","","","","88.7798614501953","","","","","","","","","","91.8996124267578","","","","","","","","","","94.094123840332","","","",
"Peru","PER","Literacy rate, adult total (% of people ages 15 and above)","SE.ADT.LITR.ZS","","","","","","","","","","","","","","","","","","","","","","81.9184646606445","","","","","","","","","","","","87.150634765625","","","","","","","","","","","87.6698455810547","87.9086761474609","88.6993408203125","89.5908126831055","","","","","93.8417282104492","",
"Philippines","PHL","Literacy rate, adult total (% of people ages 15 and above)","SE.ADT.LITR.ZS","","","","","","","","","","","","","","","","","","","","","83.3172302246094","","","","","","","","","","93.5738983154297","","","","","","","","","","92.6000671386719","","","92.590690612793","","","","","95.4200973510742","","","","","",
"Palau","PLW","Literacy rate, adult total (% of people ages 15 and above)","SE.ADT.LITR.ZS","","","","","","","","","","","","","","","","","","","","","91.9214172363281","","","","","","","","","","","","","","","","","","","","","","","","","","","","","","","","","99.5239639282227",
"Papua New Guinea","PNG","Literacy rate, adult total (% of people ages 15 and above)","SE.ADT.LITR.ZS","","","","","","","","","","","","","","","","","","","","","","","","","","","","","","","","","","","","","","","","","57.3432540893555","","","","","","","","","","","","62.8818397521973","",
"Poland","POL","Literacy rate, adult total (% of people ages 15 and above)","SE.ADT.LITR.ZS","","","","","","","","","","","","","","","","","","","98.7427444458008","","","","","","","","","","","","","","","","99.4028015136719","","","","","","","","","","99.6179428100586","","","","","","","","99.7476272583008","",
"Puerto Rico","PRI","Literacy rate, adult total (% of people ages 15 and above)","SE.ADT.LITR.ZS","","","","","","","","","","","","","","","","","","","","","86.7460556030273","","","","","","","","","","89.6224975585938","","","","","","","","","","","","","","90.5293426513672","","","","","","91.9652328491211","","","",
"Korea, Dem. Rep.","PRK","Literacy rate, adult total (% of people ages 15 and above)","SE.ADT.LITR.ZS","","","","","","","","","","","","","","","","","","","","","","","","","","","","","","","","","","","","","","","","","","","","","","","","","99.9982604980469","","","","","",
"Portugal","PRT","Literacy rate, adult total (% of people ages 15 and above)","SE.ADT.LITR.ZS","","","","","","","","","","","","","","","","","","","","","","79.4356079101563","","","","","","","","","","87.9478454589844","","","","","","","","","","","","","","","","","","","","94.47705078125","","",
"Paraguay","PRY","Literacy rate, adult total (% of people ages 15 and above)","SE.ADT.LITR.ZS","","","","","","","","","","","","","","","","","","","","","","","78.458610534668","","","","","","","","","","90.2718276977539","","","","","","","","","","","","","","","94.558219909668","93.2920837402344","93.7542343139648","93.8709182739258","","","",
"Pacific island small states","PSS","Literacy rate, adult total (% of people ages 15 and above)","SE.ADT.LITR.ZS","","","","","","","","","","","","","","","","","","","","","","","","","","","","","","","","","","","","","","","","","86.4053115844727","","","","","","","","","","","","","",
"French Polynesia","PYF","Literacy rate, adult total (% of people ages 15 and above)","SE.ADT.LITR.ZS","","","","","","","","","","","","","","","","","","","","","","","","","","","","","","","","","","","","","","","","","","","","","","","","","","","","","","",
"Qatar","QAT","Literacy rate, adult total (% of people ages 15 and above)","SE.ADT.LITR.ZS","","","","","","","","","","","","","","","","","","","","","","","","","","","75.6350402832031","","","","","","","","","","","83.2621536254883","","","","","","","88.9623870849609","","","93.0827407836914","93.9897308349609","94.7242889404297","96.2837371826172","96.406867980957","96.678596496582","",
"Romania","ROU","Literacy rate, adult total (% of people ages 15 and above)","SE.ADT.LITR.ZS","","","","","","","","","","","","","","","","","","","","","","","","","","","","","","","","","96.7099838256836","","","","","","","","","","97.2975845336914","","","","","","","","","98.6042861938477","","",
"Russian Federation","RUS","Literacy rate, adult total (% of people ages 15 and above)","SE.ADT.LITR.ZS","","","","","","","","","","","","","","","","","","","","","","","","","","","","","","97.9860534667969","","","","","","","","","","","","","99.4409713745117","","","","","","","","99.6842651367188","","","",
"Rwanda","RWA","Literacy rate, adult total (% of people ages 15 and above)","SE.ADT.LITR.ZS","","","","","","","","","","","","","","","","","","","38.2434234619141","","","","","","","","","","","","","57.8534889221191","","","","","","","","","64.8885955810547","","","","","","","","","","65.8522720336914","","","",
"South Asia","SAS","Literacy rate, adult total (% of people ages 15 and above)","SE.ADT.LITR.ZS","","","","","","","","","","","","","","","","","","","","","","","","","","","","","","","46.4764099121094","","","","","","","","","","58.0238609313965","","","","","","","","","","61.3626098632813","","","",
"Saudi Arabia","SAU","Literacy rate, adult total (% of people ages 15 and above)","SE.ADT.LITR.ZS","","","","","","","","","","","","","","","","","","","","","","","","","","","","","","","","","70.821647644043","","","","","","","","79.350944519043","","","","82.8577423095703","","","","","","","","","94.4263458251953",
"Southern Cone Extended","SCE","Literacy rate, adult total (% of people ages 15 and above)","SE.ADT.LITR.ZS","","","","","","","","","","","","","","","","","","","","","","","","","","","","","","","","","","","","","","","","","","","","","","","","","","","","","","",
"Sudan","SDN","Literacy rate, adult total (% of people ages 15 and above)","SE.ADT.LITR.ZS","","","","","","","","","","","","","","","","","","","","","","","","","","","","","","","","","","","","","","","","","61.345874786377","","","","","","","","","","","","","",
"Senegal","SEN","Literacy rate, adult total (% of people ages 15 and above)","SE.ADT.LITR.ZS","","","","","","","","","","","","","","","","","","","","","","","","","","","","","26.8688545227051","","","","","","","","","","","","","","39.2752456665039","","","","41.8911514282227","","","49.695125579834","","52.0519599914551","","",
"Singapore","SGP","Literacy rate, adult total (% of people ages 15 and above)","SE.ADT.LITR.ZS","","","","","","","","","","","","","","","","","","","","","82.9060516357422","","","","","","","","","","89.0959930419922","","","","","","","","","","92.5494003295898","","","","","","","","","","95.8573303222656","96.176155090332","96.3659820556641","",
"Solomon Islands","SLB","Literacy rate, adult total (% of people ages 15 and above)","SE.ADT.LITR.ZS","","","","","","","","","","","","","","","","","","","","","","","","","","","","","","","","","","","","","","","","76.5999984741211","","","","","","","","","","","","","","",
"Sierra Leone","SLE","Literacy rate, adult total (% of people ages 15 and above)","SE.ADT.LITR.ZS","","","","","","","","","","","","","","","","","","","","","","","","","","","","","","","","","","","","","","","","","","","","","34.826789855957","","","","","","","","44.464729309082","",
"El Salvador","SLV","Literacy rate, adult total (% of people ages 15 and above)","SE.ADT.LITR.ZS","","","","","","","","","","","","","","","","","","","","","","","","","","","","","","","","","74.1431655883789","","","","","","","","","","","","80.7783584594727","","83.559455871582","82.0286331176758","83.951301574707","84.1028900146484","84.4927215576172","85.4939880371094","","",
"San Marino","SMR","Literacy rate, adult total (% of people ages 15 and above)","SE.ADT.LITR.ZS","","","","","","","","","","","","","","","","","","","","","","","","","","","","","","","","","","","","","","","","","","","","","","","","","","","","","","",
"Somalia","SOM","Literacy rate, adult total (% of people ages 15 and above)","SE.ADT.LITR.ZS","","","","","","","","","","","","","","","","","","","","","","","","","","","","","","","","","","","","","","","","","","","","","","","","","","","","","","",
"Serbia","SRB","Literacy rate, adult total (% of people ages 15 and above)","SE.ADT.LITR.ZS","","","","","","","","","","","","","","","","","","","","","","","","","","","","","","","","","","","","","","","","","","","","","","","","","","","","","98.1566696166992","",
"Sub-Saharan Africa (developing only)","SSA","Literacy rate, adult total (% of people ages 15 and above)","SE.ADT.LITR.ZS","","","","","","","","","","","","","","","","","","","","","","","","","","","","","","","53.0301399230957","","","","","","","","","","57.4363098144531","","","","","","","","","","59.2882232666016","","","",
"South Sudan","SSD","Literacy rate, adult total (% of people ages 15 and above)","SE.ADT.LITR.ZS","","","","","","","","","","","","","","","","","","","","","","","","","","","","","","","","","","","","","","","","","","","","","","","","","","","","","","",
"Sub-Saharan Africa (all income levels)","SSF","Literacy rate, adult total (% of people ages 15 and above)","SE.ADT.LITR.ZS","","","","","","","","","","","","","","","","","","","","","","","","","","","","","","","53.0577163696289","","","","","","","","","","57.4600257873535","","","","","","","","","","59.3212509155273","","","",
"Small states","SST","Literacy rate, adult total (% of people ages 15 and above)","SE.ADT.LITR.ZS","","","","","","","","","","","","","","","","","","","","","","","","","","","","","","","73.6904525756836","","","","","","","","","","78.4013290405273","","","","","","","","","","80.5511627197266","","","",
"Sao Tome and Principe","STP","Literacy rate, adult total (% of people ages 15 and above)","SE.ADT.LITR.ZS","","","","","","","","","","","","","","","","","","","","","","57.3242607116699","","","","","","","","","","73.2424163818359","","","","","","","","","","84.9085159301758","","","","","","","69.5363845825195","","","","","",
"Suriname","SUR","Literacy rate, adult total (% of people ages 15 and above)","SE.ADT.LITR.ZS","","","","","","","","","","","","","","","","","","","","","","","","","","","","","","","","","","","","","","","","","","","","","89.5980606079102","","","","94.6209411621094","","94.6757507324219","","","",
"Slovak Republic","SVK","Literacy rate, adult total (% of people ages 15 and above)","SE.ADT.LITR.ZS","","","","","","","","","","","","","","","","","","","","","","","","","","","","","","","","","","","","","","","","","","","","","","","","","","","","","","",
"Slovenia","SVN","Literacy rate, adult total (% of people ages 15 and above)","SE.ADT.LITR.ZS","","","","","","","","","","","","","","","","","","","","","","","","","","","","","","","","99.5245132446289","","","","","","","","","","","","","99.6517868041992","","","","","","","","99.7006301879883","",
"Sweden","SWE","Literacy rate, adult total (% of people ages 15 and above)","SE.ADT.LITR.ZS","","","","","","","","","","","","","","","","","","","","","","","","","","","","","","","","","","","","","","","","","","","","","","","","","","","","","","",
"Swaziland","SWZ","Literacy rate, adult total (% of people ages 15 and above)","SE.ADT.LITR.ZS","","","","","","","","","","","","","","","","","55.3250389099121","","","","","","","","","","67.2393798828125","","","","","","","","","","","","","","81.6607055664063","","","","","","","","","","83.0982894897461","","","",
"Sint Maarten (Dutch part)","SXM","Literacy rate, adult total (% of people ages 15 and above)","SE.ADT.LITR.ZS","","","","","","","","","","","","","","","","","","","","","","","","","","","","","","","","","","","","","","","","","","","","","","","","","","","","","","",
"Seychelles","SYC","Literacy rate, adult total (% of people ages 15 and above)","SE.ADT.LITR.ZS","","","","","","","","","","","","","","","","","","","","","","","","","","","","84.2292175292969","","","","","","","87.811149597168","","","","","","","","91.8364639282227","","","","","","","","","","91.8364639282227","",
"Syrian Arab Republic","SYR","Literacy rate, adult total (% of people ages 15 and above)","SE.ADT.LITR.ZS","","","","","","","","","","","","","","","","","","","","","","55.6544990539551","","","","","","","","","","","","","","","","","","","","","82.8882522583008","","80.8445205688477","","","","","","","","85.08056640625","",
"Turks and Caicos Islands","TCA","Literacy rate, adult total (% of people ages 15 and above)","SE.ADT.LITR.ZS","","","","","","","","","","","","","","","","","","","","","","","","","","","","","","","","","","","","","","","","","","","","","","","","","","","","","","",
"Chad","TCD","Literacy rate, adult total (% of people ages 15 and above)","SE.ADT.LITR.ZS","","","","","","","","","","","","","","","","","","","","","","","","","","","","","","","","","","10.8946533203125","","","","","","","25.6542148590088","","","","28.3814334869385","","","","","","","","37.2670516967773","",
"Togo","TGO","Literacy rate, adult total (% of people ages 15 and above)","SE.ADT.LITR.ZS","","","","","","","","","","","","","","","","","","","","","","","","","","","","","","","","","","","","","","","","","53.1776008605957","","","","","","56.8883666992188","","","57.0933799743652","","60.4099464416504","","",
"Thailand","THA","Literacy rate, adult total (% of people ages 15 and above)","SE.ADT.LITR.ZS","","","","","","","","","","","","","","","","","","","","","87.9817581176758","","","","","","","","","","","","","","","","","","","","92.6465454101563","","","","","93.506477355957","","","","","96.430908203125","","","",
"Tajikistan","TJK","Literacy rate, adult total (% of people ages 15 and above)","SE.ADT.LITR.ZS","","","","","","","","","","","","","","","","","","","","","","","","","","","","","","97.6940231323242","","","","","","","","","","","99.4512481689453","","","","","","","","","","","","99.7374420166016","",
"Turkmenistan","TKM","Literacy rate, adult total (% of people ages 15 and above)","SE.ADT.LITR.ZS","","","","","","","","","","","","","","","","","","","","","","","","","","","","","","","","","","","","98.7783203125","","","","","","","","","","","","","","","","","99.6304779052734","",
"Timor-Leste","TLS","Literacy rate, adult total (% of people ages 15 and above)","SE.ADT.LITR.ZS","","","","","","","","","","","","","","","","","","","","","","","","","","","","","","","","","","","","","","","","","","37.5999984741211","","","","","","50.5999984741211","","","58.3089828491211","","","",
"Tonga","TON","Literacy rate, adult total (% of people ages 15 and above)","SE.ADT.LITR.ZS","","","","","","","","","","","","","","","","","99.5924606323242","","","","","","","","","","","","","","","","","","","","98.9053726196289","","","","","","","","","","99.0184555053711","","","","","99.3855285644531","","",
"Trinidad and Tobago","TTO","Literacy rate, adult total (% of people ages 15 and above)","SE.ADT.LITR.ZS","","","","","","","","","","","","","","","","","","","","","94.9703216552734","","","","","","","","","","96.9385528564453","","","","","","","","","","","","","","98.2885131835938","","","","","","","","98.8142318725586","",
"Tunisia","TUN","Literacy rate, adult total (% of people ages 15 and above)","SE.ADT.LITR.ZS","","","","","","","","","","","","","","","","","","","","","","","","","48.1907005310059","","","","","","","","","","59.8176116943359","","","","","","","","","","74.2969970703125","","","77.1903991699219","77.5611343383789","","79.1305770874023","79.6539077758789","","",
"Turkey","TUR","Literacy rate, adult total (% of people ages 15 and above)","SE.ADT.LITR.ZS","","","","","","","","","","","","","","","","61.6276817321777","","","","","65.6943435668945","","","","","75.9682388305664","","","","","79.2324523925781","","","","","","","","","","","","","","87.3654861450195","88.2290573120117","88.119384765625","88.6558990478516","","90.8167190551758","92.6605987548828","94.1060943603516","94.9197463989258","",
"Tuvalu","TUV","Literacy rate, adult total (% of people ages 15 and above)","SE.ADT.LITR.ZS","","","","","","","","","","","","","","","","","","","","","","","","","","","","","","","","","","","","","","","","","","","","","","","","","","","","","","",
"Tanzania","TZA","Literacy rate, adult total (% of people ages 15 and above)","SE.ADT.LITR.ZS","","","","","","","","","","","","","","","","","","","","","","","","","","","","","59.1138038635254","","","","","","","","","","","","","","69.4309005737305","","","","","","","","67.8006973266602","","","",
"Uganda","UGA","Literacy rate, adult total (% of people ages 15 and above)","SE.ADT.LITR.ZS","","","","","","","","","","","","","","","","","","","","","","","","","","","","","","","","56.1073837280273","","","","","","","","","","","68.1425094604492","","","","71.3731460571289","","","","73.2118835449219","","","",
"Ukraine","UKR","Literacy rate, adult total (% of people ages 15 and above)","SE.ADT.LITR.ZS","","","","","","","","","","","","","","","","","","","","","","","","","","","","","","","","","","","","","","","","","","99.4304122924805","","","","","","","","","","","99.7302169799805","",
"Upper middle income","UMC","Literacy rate, adult total (% of people ages 15 and above)","SE.ADT.LITR.ZS","","","","","","","","","","","","","","","","","","","","","","","","","","","","","","","80.1671981811523","","","","","","","","","","89.9485626220703","","","","","","","","","","93.869026184082","","","",
"Uruguay","URY","Literacy rate, adult total (% of people ages 15 and above)","SE.ADT.LITR.ZS","","","","","","","","","","","","","","","","93.8610763549805","","","","","","","","","","95.3799743652344","","","","","","","","","","","96.7818069458008","","","","","","","","","","97.7896347045898","97.8638916015625","98.1635589599609","98.2678985595703","98.0727081298828","98.3358993530273","98.3959426879883","",
"United States","USA","Literacy rate, adult total (% of people ages 15 and above)","SE.ADT.LITR.ZS","","","","","","","","","","","","","","","","","","","","","","","","","","","","","","","","","","","","","","","","","","","","","","","","","","","","","","",
"Uzbekistan","UZB","Literacy rate, adult total (% of people ages 15 and above)","SE.ADT.LITR.ZS","","","","","","","","","","","","","","","","","","","","","","","","","","","","","","","","","","","","","","","","","98.6425857543945","","","","","","","","","","","","99.4769134521484","",
"St. Vincent and the Grenadines","VCT","Literacy rate, adult total (% of people ages 15 and above)","SE.ADT.LITR.ZS","","","","","","","","","","","","","","","","","","","","","","","","","","","","","","","","","","","","","","","","","","","","","","","","","","","","","","",
"Venezuela, RB","VEN","Literacy rate, adult total (% of people ages 15 and above)","SE.ADT.LITR.ZS","","","","","","","","","","","","","","","","","","","","","","84.7322082519531","","","","","","","","","89.8252563476563","","","","","","","","","","","92.9798355102539","","","","","","95.1546401977539","","95.5119934082031","","","","",
"Virgin Islands (U.S.)","VIR","Literacy rate, adult total (% of people ages 15 and above)","SE.ADT.LITR.ZS","","","","","","","","","","","","","","","","","","","","","","","","","","","","","","","","","","","","","","","","","","","","","","","","","","","","","","",
"Vietnam","VNM","Literacy rate, adult total (% of people ages 15 and above)","SE.ADT.LITR.ZS","","","","","","","","","","","","","","","","","","","","83.8259429931641","","","","","","","","","","87.5964508056641","","","","","","","","","","90.2782974243164","90.1561279296875","","","","","","","","","93.5204544067383","","","","",
"Vanuatu","VUT","Literacy rate, adult total (% of people ages 15 and above)","SE.ADT.LITR.ZS","","","","","","","","","","","","","","","","","","","","52.8739242553711","","","","","","","","","","","","","","","68.4600296020508","","","","","74","","","","","78.0809783935547","","","","","","","","83.3597564697266","",
"West Bank and Gaza","PSE","Literacy rate, adult total (% of people ages 15 and above)","SE.ADT.LITR.ZS","","","","","","","","","","","","","","","","","","","","","","","","","","","","","","","","","","","","","","86.0628890991211","","","","","","","92.2799758911133","","93.4499664306641","93.8821334838867","94.0586547851563","94.5991668701172","94.932014465332","95.2672424316406","95.9137649536133","",
"World","WLD","Literacy rate, adult total (% of people ages 15 and above)","SE.ADT.LITR.ZS","","","","","","","","","","","","","","","","","","","","","","","","","","","","","","","75.7919616699219","","","","","","","","","","81.9468002319336","","","","","","","","","","84.2903747558594","","","",
"Samoa","WSM","Literacy rate, adult total (% of people ages 15 and above)","SE.ADT.LITR.ZS","","","","","","","","","","","","","","","","","","","","","","","","","","","","","","","","97.9443283081055","","","","","","","","","","","","","98.5404815673828","","","","","","","","98.8648834228516","",
"Yemen, Rep.","YEM","Literacy rate, adult total (% of people ages 15 and above)","SE.ADT.LITR.ZS","","","","","","","","","","","","","","","","","","","","","","","","","","","","","","","","","","","37.0900039672852","","","","","","","","","","54.7455215454102","","","","","","","","66.3737716674805","",
"South Africa","ZAF","Literacy rate, adult total (% of people ages 15 and above)","SE.ADT.LITR.ZS","","","","","","","","","","","","","","","","","","","","","76.2004928588867","","","","","","","","","","","","","","","","82.402099609375","","","","","","","","","","","88.7172470092773","","92.8948593139648","92.8773193359375","93.1021423339844","93.7294692993164","",
"Congo, Dem. Rep.","COD","Literacy rate, adult total (% of people ages 15 and above)","SE.ADT.LITR.ZS","","","","","","","","","","","","","","","","","","","","","","","","","","","","","","","","","","","","","","","","","","67.1729888916016","","","","","","61.2055435180664","","","","","","",
"Zambia","ZMB","Literacy rate, adult total (% of people ages 15 and above)","SE.ADT.LITR.ZS","","","","","","","","","","","","","","","","","","","","","","","","","","","","","","","64.9982604980469","","","","","","","","","68.0017929077148","","","69.1492156982422","","","","","61.4282875061035","","","","","","",
"Zimbabwe","ZWE","Literacy rate, adult total (% of people ages 15 and above)","SE.ADT.LITR.ZS","","","","","","","","","","","","","","","","","","","","","","","77.7941665649414","","","","","","","","","","83.512580871582","","","","","","","","","","","","","","","","","","","83.5827178955078","","",
